<?xml version="1.0" encoding="UTF-8"?>
<root>
  <item name="com.hiscene.presentation.ui.widget.call.AspectRatioFrameLayout int getResizeMode()">
    <annotation name="androidx.annotation.IntDef">
      <val name="value" val="{com.hiscene.presentation.ui.widget.call.AspectRatioFrameLayout.RESIZE_MODE_FIT, com.hiscene.presentation.ui.widget.call.AspectRatioFrameLayout.RESIZE_MODE_FIXED_WIDTH, com.hiscene.presentation.ui.widget.call.AspectRatioFrameLayout.RESIZE_MODE_FIXED_HEIGHT, com.hiscene.presentation.ui.widget.call.AspectRatioFrameLayout.RESIZE_MODE_FILL, com.hiscene.presentation.ui.widget.call.AspectRatioFrameLayout.RESIZE_MODE_ZOOM}" />
    </annotation>
  </item>
  <item name="com.hiscene.presentation.ui.widget.call.AspectRatioFrameLayout resizeMode">
    <annotation name="androidx.annotation.IntDef">
      <val name="value" val="{com.hiscene.presentation.ui.widget.call.AspectRatioFrameLayout.RESIZE_MODE_FIT, com.hiscene.presentation.ui.widget.call.AspectRatioFrameLayout.RESIZE_MODE_FIXED_WIDTH, com.hiscene.presentation.ui.widget.call.AspectRatioFrameLayout.RESIZE_MODE_FIXED_HEIGHT, com.hiscene.presentation.ui.widget.call.AspectRatioFrameLayout.RESIZE_MODE_FILL, com.hiscene.presentation.ui.widget.call.AspectRatioFrameLayout.RESIZE_MODE_ZOOM}" />
    </annotation>
  </item>
  <item name="com.hiscene.presentation.ui.widget.call.AspectRatioFrameLayout void setResizeMode(int) 0">
    <annotation name="androidx.annotation.IntDef">
      <val name="value" val="{com.hiscene.presentation.ui.widget.call.AspectRatioFrameLayout.RESIZE_MODE_FIT, com.hiscene.presentation.ui.widget.call.AspectRatioFrameLayout.RESIZE_MODE_FIXED_WIDTH, com.hiscene.presentation.ui.widget.call.AspectRatioFrameLayout.RESIZE_MODE_FIXED_HEIGHT, com.hiscene.presentation.ui.widget.call.AspectRatioFrameLayout.RESIZE_MODE_FILL, com.hiscene.presentation.ui.widget.call.AspectRatioFrameLayout.RESIZE_MODE_ZOOM}" />
    </annotation>
  </item>
  <item name="com.hiscene.presentation.ui.widget.call.AspectRatioFrameLayout.ResizeMode">
    <annotation name="androidx.annotation.IntDef">
      <val name="value" val="{com.hiscene.presentation.ui.widget.call.AspectRatioFrameLayout.RESIZE_MODE_FIT, com.hiscene.presentation.ui.widget.call.AspectRatioFrameLayout.RESIZE_MODE_FIXED_WIDTH, com.hiscene.presentation.ui.widget.call.AspectRatioFrameLayout.RESIZE_MODE_FIXED_HEIGHT, com.hiscene.presentation.ui.widget.call.AspectRatioFrameLayout.RESIZE_MODE_FILL, com.hiscene.presentation.ui.widget.call.AspectRatioFrameLayout.RESIZE_MODE_ZOOM}" />
    </annotation>
  </item>
</root>

