<?xml version="1.0" encoding="UTF-8"?>
<root>
  <item name="com.hiscene.presentation.ui.widget.ClearEditText mShowType">
    <annotation name="androidx.annotation.IntDef">
      <val name="value" val="{com.hiscene.presentation.ui.widget.ClearEditText.TYPE_TEXT, com.hiscene.presentation.ui.widget.ClearEditText.TYPE_PHONE, com.hiscene.presentation.ui.widget.ClearEditText.TYPE_BANK_CARD, com.hiscene.presentation.ui.widget.ClearEditText.TYPE_ID_CARD}" />
    </annotation>
  </item>
  <item name="com.hiscene.presentation.ui.widget.LinearSpaceItemDecoration LinearSpaceItemDecoration(java.lang.String, int) 0">
    <annotation name="androidx.annotation.StringDef">
      <val name="value" val="{com.hiscene.presentation.ui.widget.LinearSpaceItemDecoration.TOP_DECORATION, com.hiscene.presentation.ui.widget.LinearSpaceItemDecoration.BOTTOM_DECORATION, com.hiscene.presentation.ui.widget.LinearSpaceItemDecoration.LEFT_DECORATION, com.hiscene.presentation.ui.widget.LinearSpaceItemDecoration.RIGHT_DECORATION}" />
    </annotation>
  </item>
  <item name="com.hiscene.presentation.ui.widget.PasswordInputView void setBorderStyle(int) 0">
    <annotation name="androidx.annotation.IntDef">
      <val name="value" val="{com.hiscene.presentation.ui.widget.PasswordInputView.BorderStyle.BOX, com.hiscene.presentation.ui.widget.PasswordInputView.BorderStyle.LINE}" />
    </annotation>
  </item>
  <item name="com.hiscene.presentation.ui.widget.PasswordInputView void setPwdStyle(int) 0">
    <annotation name="androidx.annotation.IntDef">
      <val name="value" val="{com.hiscene.presentation.ui.widget.PasswordInputView.PwdStyle.CIRCLE, com.hiscene.presentation.ui.widget.PasswordInputView.PwdStyle.ASTERISK, com.hiscene.presentation.ui.widget.PasswordInputView.PwdStyle.PLAINTEXT}" />
    </annotation>
  </item>
  <item name="com.hiscene.presentation.ui.widget.PasswordInputView.BorderStyle">
    <annotation name="androidx.annotation.IntDef">
      <val name="value" val="{com.hiscene.presentation.ui.widget.PasswordInputView.BorderStyle.BOX, com.hiscene.presentation.ui.widget.PasswordInputView.BorderStyle.LINE}" />
    </annotation>
  </item>
  <item name="com.hiscene.presentation.ui.widget.PasswordInputView.PwdStyle">
    <annotation name="androidx.annotation.IntDef">
      <val name="value" val="{com.hiscene.presentation.ui.widget.PasswordInputView.PwdStyle.CIRCLE, com.hiscene.presentation.ui.widget.PasswordInputView.PwdStyle.ASTERISK, com.hiscene.presentation.ui.widget.PasswordInputView.PwdStyle.PLAINTEXT}" />
    </annotation>
  </item>
</root>

