<?xml version="1.0" encoding="UTF-8"?>
<root>
  <item name="com.hiscene.presentation.utils.LayoutCalculator com.hiscene.presentation.utils.LayoutCalculator.LayoutRect getLayoutRect(int, int, int) 2">
    <annotation name="androidx.annotation.IntDef">
      <val name="value" val="{com.hiscene.presentation.utils.LayoutCalculator.TYPE_FULL, com.hiscene.presentation.utils.LayoutCalculator.TYPE_HALF, com.hiscene.presentation.utils.LayoutCalculator.TYPE_HALF_CENTER, com.hiscene.presentation.utils.LayoutCalculator.TYPE_THIRD, com.hiscene.presentation.utils.LayoutCalculator.TYPE_THIRD_LEFT, com.hiscene.presentation.utils.LayoutCalculator.TYPE_THIRD_CENTER, com.hiscene.presentation.utils.LayoutCalculator.TYPE_THIRD_RIGHT, com.hiscene.presentation.utils.LayoutCalculator.TYPE_QUART, com.hiscene.presentation.utils.LayoutCalculator.TYPE_QUART_HALF_LEFT, com.hiscene.presentation.utils.LayoutCalculator.TYPE_QUART_HALF_RIGHT, com.hiscene.presentation.utils.LayoutCalculator.TYPE_QUART_LEFT, com.hiscene.presentation.utils.LayoutCalculator.TYPE_QUART_CENTER, com.hiscene.presentation.utils.LayoutCalculator.TYPE_QUART_RIGHT, com.hiscene.presentation.utils.LayoutCalculator.TYPE_QUART_FULL_CENTER}" />
    </annotation>
  </item>
  <item name="com.hiscene.presentation.utils.LayoutCalculator com.hiscene.presentation.utils.LayoutCalculator.LayoutRect getLayoutRect(int, int, int, boolean) 2">
    <annotation name="androidx.annotation.IntDef">
      <val name="value" val="{com.hiscene.presentation.utils.LayoutCalculator.TYPE_FULL, com.hiscene.presentation.utils.LayoutCalculator.TYPE_HALF, com.hiscene.presentation.utils.LayoutCalculator.TYPE_HALF_CENTER, com.hiscene.presentation.utils.LayoutCalculator.TYPE_THIRD, com.hiscene.presentation.utils.LayoutCalculator.TYPE_THIRD_LEFT, com.hiscene.presentation.utils.LayoutCalculator.TYPE_THIRD_CENTER, com.hiscene.presentation.utils.LayoutCalculator.TYPE_THIRD_RIGHT, com.hiscene.presentation.utils.LayoutCalculator.TYPE_QUART, com.hiscene.presentation.utils.LayoutCalculator.TYPE_QUART_HALF_LEFT, com.hiscene.presentation.utils.LayoutCalculator.TYPE_QUART_HALF_RIGHT, com.hiscene.presentation.utils.LayoutCalculator.TYPE_QUART_LEFT, com.hiscene.presentation.utils.LayoutCalculator.TYPE_QUART_CENTER, com.hiscene.presentation.utils.LayoutCalculator.TYPE_QUART_RIGHT, com.hiscene.presentation.utils.LayoutCalculator.TYPE_QUART_FULL_CENTER}" />
    </annotation>
  </item>
  <item name="com.hiscene.presentation.utils.LayoutCalculator com.hiscene.presentation.utils.LayoutCalculator.LayoutRect getSquareLayoutRect(int, int, int) 2">
    <annotation name="androidx.annotation.IntDef">
      <val name="value" val="{com.hiscene.presentation.utils.LayoutCalculator.TYPE_FULL, com.hiscene.presentation.utils.LayoutCalculator.TYPE_HALF, com.hiscene.presentation.utils.LayoutCalculator.TYPE_HALF_CENTER, com.hiscene.presentation.utils.LayoutCalculator.TYPE_THIRD, com.hiscene.presentation.utils.LayoutCalculator.TYPE_THIRD_LEFT, com.hiscene.presentation.utils.LayoutCalculator.TYPE_THIRD_CENTER, com.hiscene.presentation.utils.LayoutCalculator.TYPE_THIRD_RIGHT, com.hiscene.presentation.utils.LayoutCalculator.TYPE_QUART, com.hiscene.presentation.utils.LayoutCalculator.TYPE_QUART_HALF_LEFT, com.hiscene.presentation.utils.LayoutCalculator.TYPE_QUART_HALF_RIGHT, com.hiscene.presentation.utils.LayoutCalculator.TYPE_QUART_LEFT, com.hiscene.presentation.utils.LayoutCalculator.TYPE_QUART_CENTER, com.hiscene.presentation.utils.LayoutCalculator.TYPE_QUART_RIGHT, com.hiscene.presentation.utils.LayoutCalculator.TYPE_QUART_FULL_CENTER}" />
    </annotation>
  </item>
  <item name="com.hiscene.presentation.utils.LayoutCalculator int getLayoutTypeHeadDown(int, int)">
    <annotation name="androidx.annotation.IntDef">
      <val name="value" val="{com.hiscene.presentation.utils.LayoutCalculator.TYPE_FULL, com.hiscene.presentation.utils.LayoutCalculator.TYPE_HALF, com.hiscene.presentation.utils.LayoutCalculator.TYPE_HALF_CENTER, com.hiscene.presentation.utils.LayoutCalculator.TYPE_THIRD, com.hiscene.presentation.utils.LayoutCalculator.TYPE_THIRD_LEFT, com.hiscene.presentation.utils.LayoutCalculator.TYPE_THIRD_CENTER, com.hiscene.presentation.utils.LayoutCalculator.TYPE_THIRD_RIGHT, com.hiscene.presentation.utils.LayoutCalculator.TYPE_QUART, com.hiscene.presentation.utils.LayoutCalculator.TYPE_QUART_HALF_LEFT, com.hiscene.presentation.utils.LayoutCalculator.TYPE_QUART_HALF_RIGHT, com.hiscene.presentation.utils.LayoutCalculator.TYPE_QUART_LEFT, com.hiscene.presentation.utils.LayoutCalculator.TYPE_QUART_CENTER, com.hiscene.presentation.utils.LayoutCalculator.TYPE_QUART_RIGHT, com.hiscene.presentation.utils.LayoutCalculator.TYPE_QUART_FULL_CENTER}" />
    </annotation>
  </item>
  <item name="com.hiscene.presentation.utils.LayoutCalculator int getLayoutTypeHeadUp(int, int)">
    <annotation name="androidx.annotation.IntDef">
      <val name="value" val="{com.hiscene.presentation.utils.LayoutCalculator.TYPE_FULL, com.hiscene.presentation.utils.LayoutCalculator.TYPE_HALF, com.hiscene.presentation.utils.LayoutCalculator.TYPE_HALF_CENTER, com.hiscene.presentation.utils.LayoutCalculator.TYPE_THIRD, com.hiscene.presentation.utils.LayoutCalculator.TYPE_THIRD_LEFT, com.hiscene.presentation.utils.LayoutCalculator.TYPE_THIRD_CENTER, com.hiscene.presentation.utils.LayoutCalculator.TYPE_THIRD_RIGHT, com.hiscene.presentation.utils.LayoutCalculator.TYPE_QUART, com.hiscene.presentation.utils.LayoutCalculator.TYPE_QUART_HALF_LEFT, com.hiscene.presentation.utils.LayoutCalculator.TYPE_QUART_HALF_RIGHT, com.hiscene.presentation.utils.LayoutCalculator.TYPE_QUART_LEFT, com.hiscene.presentation.utils.LayoutCalculator.TYPE_QUART_CENTER, com.hiscene.presentation.utils.LayoutCalculator.TYPE_QUART_RIGHT, com.hiscene.presentation.utils.LayoutCalculator.TYPE_QUART_FULL_CENTER}" />
    </annotation>
  </item>
  <item name="com.hiscene.presentation.utils.LayoutCalculator.LayoutType">
    <annotation name="androidx.annotation.IntDef">
      <val name="value" val="{com.hiscene.presentation.utils.LayoutCalculator.TYPE_FULL, com.hiscene.presentation.utils.LayoutCalculator.TYPE_HALF, com.hiscene.presentation.utils.LayoutCalculator.TYPE_HALF_CENTER, com.hiscene.presentation.utils.LayoutCalculator.TYPE_THIRD, com.hiscene.presentation.utils.LayoutCalculator.TYPE_THIRD_LEFT, com.hiscene.presentation.utils.LayoutCalculator.TYPE_THIRD_CENTER, com.hiscene.presentation.utils.LayoutCalculator.TYPE_THIRD_RIGHT, com.hiscene.presentation.utils.LayoutCalculator.TYPE_QUART, com.hiscene.presentation.utils.LayoutCalculator.TYPE_QUART_HALF_LEFT, com.hiscene.presentation.utils.LayoutCalculator.TYPE_QUART_HALF_RIGHT, com.hiscene.presentation.utils.LayoutCalculator.TYPE_QUART_LEFT, com.hiscene.presentation.utils.LayoutCalculator.TYPE_QUART_CENTER, com.hiscene.presentation.utils.LayoutCalculator.TYPE_QUART_RIGHT, com.hiscene.presentation.utils.LayoutCalculator.TYPE_QUART_FULL_CENTER}" />
    </annotation>
  </item>
  <item name="com.hiscene.presentation.utils.VideoLayoutCalculator com.hiscene.presentation.utils.VideoLayoutCalculator.LayoutRect getLayoutRect(int, int, int) 2">
    <annotation name="androidx.annotation.IntDef">
      <val name="value" val="{com.hiscene.presentation.utils.VideoLayoutCalculator.TYPE_FULL, com.hiscene.presentation.utils.VideoLayoutCalculator.TYPE_HALF, com.hiscene.presentation.utils.VideoLayoutCalculator.TYPE_THIRD, com.hiscene.presentation.utils.VideoLayoutCalculator.TYPE_FOURTH, com.hiscene.presentation.utils.VideoLayoutCalculator.TYPE_FIFTH}" />
    </annotation>
  </item>
  <item name="com.hiscene.presentation.utils.VideoLayoutCalculator int getLayoutTypeHeadDown(int, int)">
    <annotation name="androidx.annotation.IntDef">
      <val name="value" val="{com.hiscene.presentation.utils.VideoLayoutCalculator.TYPE_FULL, com.hiscene.presentation.utils.VideoLayoutCalculator.TYPE_HALF, com.hiscene.presentation.utils.VideoLayoutCalculator.TYPE_THIRD, com.hiscene.presentation.utils.VideoLayoutCalculator.TYPE_FOURTH, com.hiscene.presentation.utils.VideoLayoutCalculator.TYPE_FIFTH}" />
    </annotation>
  </item>
  <item name="com.hiscene.presentation.utils.VideoLayoutCalculator.LayoutType">
    <annotation name="androidx.annotation.IntDef">
      <val name="value" val="{com.hiscene.presentation.utils.VideoLayoutCalculator.TYPE_FULL, com.hiscene.presentation.utils.VideoLayoutCalculator.TYPE_HALF, com.hiscene.presentation.utils.VideoLayoutCalculator.TYPE_THIRD, com.hiscene.presentation.utils.VideoLayoutCalculator.TYPE_FOURTH, com.hiscene.presentation.utils.VideoLayoutCalculator.TYPE_FIFTH}" />
    </annotation>
  </item>
</root>

