<?xml version="1.0" encoding="UTF-8"?>
<root>
  <item name="com.hiscene.presentation.ui.widget.smartpopupwindow.HorizontalPosition">
    <annotation name="androidx.annotation.IntDef">
      <val name="value" val="{com.hiscene.presentation.ui.widget.smartpopupwindow.HorizontalPosition.CENTER, com.hiscene.presentation.ui.widget.smartpopupwindow.HorizontalPosition.LEFT, com.hiscene.presentation.ui.widget.smartpopupwindow.HorizontalPosition.RIGHT, com.hiscene.presentation.ui.widget.smartpopupwindow.HorizontalPosition.ALIGN_LEFT, com.hiscene.presentation.ui.widget.smartpopupwindow.HorizontalPosition.ALIGN_RIGHT}" />
    </annotation>
  </item>
  <item name="com.hiscene.presentation.ui.widget.smartpopupwindow.SmartPopupWindow mHorizontalGravity">
    <annotation name="androidx.annotation.IntDef">
      <val name="value" val="{com.hiscene.presentation.ui.widget.smartpopupwindow.HorizontalPosition.CENTER, com.hiscene.presentation.ui.widget.smartpopupwindow.HorizontalPosition.LEFT, com.hiscene.presentation.ui.widget.smartpopupwindow.HorizontalPosition.RIGHT, com.hiscene.presentation.ui.widget.smartpopupwindow.HorizontalPosition.ALIGN_LEFT, com.hiscene.presentation.ui.widget.smartpopupwindow.HorizontalPosition.ALIGN_RIGHT}" />
    </annotation>
  </item>
  <item name="com.hiscene.presentation.ui.widget.smartpopupwindow.SmartPopupWindow mVerticalGravity">
    <annotation name="androidx.annotation.IntDef">
      <val name="value" val="{com.hiscene.presentation.ui.widget.smartpopupwindow.VerticalPosition.CENTER, com.hiscene.presentation.ui.widget.smartpopupwindow.VerticalPosition.ABOVE, com.hiscene.presentation.ui.widget.smartpopupwindow.VerticalPosition.BELOW, com.hiscene.presentation.ui.widget.smartpopupwindow.VerticalPosition.ALIGN_TOP, com.hiscene.presentation.ui.widget.smartpopupwindow.VerticalPosition.ALIGN_BOTTOM}" />
    </annotation>
  </item>
  <item name="com.hiscene.presentation.ui.widget.smartpopupwindow.SmartPopupWindow void showAtAnchorView(android.view.View, int, int) 1">
    <annotation name="androidx.annotation.IntDef">
      <val name="value" val="{com.hiscene.presentation.ui.widget.smartpopupwindow.VerticalPosition.CENTER, com.hiscene.presentation.ui.widget.smartpopupwindow.VerticalPosition.ABOVE, com.hiscene.presentation.ui.widget.smartpopupwindow.VerticalPosition.BELOW, com.hiscene.presentation.ui.widget.smartpopupwindow.VerticalPosition.ALIGN_TOP, com.hiscene.presentation.ui.widget.smartpopupwindow.VerticalPosition.ALIGN_BOTTOM}" />
    </annotation>
  </item>
  <item name="com.hiscene.presentation.ui.widget.smartpopupwindow.SmartPopupWindow void showAtAnchorView(android.view.View, int, int) 2">
    <annotation name="androidx.annotation.IntDef">
      <val name="value" val="{com.hiscene.presentation.ui.widget.smartpopupwindow.HorizontalPosition.CENTER, com.hiscene.presentation.ui.widget.smartpopupwindow.HorizontalPosition.LEFT, com.hiscene.presentation.ui.widget.smartpopupwindow.HorizontalPosition.RIGHT, com.hiscene.presentation.ui.widget.smartpopupwindow.HorizontalPosition.ALIGN_LEFT, com.hiscene.presentation.ui.widget.smartpopupwindow.HorizontalPosition.ALIGN_RIGHT}" />
    </annotation>
  </item>
  <item name="com.hiscene.presentation.ui.widget.smartpopupwindow.SmartPopupWindow void showAtAnchorView(android.view.View, int, int, boolean) 1">
    <annotation name="androidx.annotation.IntDef">
      <val name="value" val="{com.hiscene.presentation.ui.widget.smartpopupwindow.VerticalPosition.CENTER, com.hiscene.presentation.ui.widget.smartpopupwindow.VerticalPosition.ABOVE, com.hiscene.presentation.ui.widget.smartpopupwindow.VerticalPosition.BELOW, com.hiscene.presentation.ui.widget.smartpopupwindow.VerticalPosition.ALIGN_TOP, com.hiscene.presentation.ui.widget.smartpopupwindow.VerticalPosition.ALIGN_BOTTOM}" />
    </annotation>
  </item>
  <item name="com.hiscene.presentation.ui.widget.smartpopupwindow.SmartPopupWindow void showAtAnchorView(android.view.View, int, int, boolean) 2">
    <annotation name="androidx.annotation.IntDef">
      <val name="value" val="{com.hiscene.presentation.ui.widget.smartpopupwindow.HorizontalPosition.CENTER, com.hiscene.presentation.ui.widget.smartpopupwindow.HorizontalPosition.LEFT, com.hiscene.presentation.ui.widget.smartpopupwindow.HorizontalPosition.RIGHT, com.hiscene.presentation.ui.widget.smartpopupwindow.HorizontalPosition.ALIGN_LEFT, com.hiscene.presentation.ui.widget.smartpopupwindow.HorizontalPosition.ALIGN_RIGHT}" />
    </annotation>
  </item>
  <item name="com.hiscene.presentation.ui.widget.smartpopupwindow.SmartPopupWindow void showAtAnchorView(android.view.View, int, int, int, int) 1">
    <annotation name="androidx.annotation.IntDef">
      <val name="value" val="{com.hiscene.presentation.ui.widget.smartpopupwindow.VerticalPosition.CENTER, com.hiscene.presentation.ui.widget.smartpopupwindow.VerticalPosition.ABOVE, com.hiscene.presentation.ui.widget.smartpopupwindow.VerticalPosition.BELOW, com.hiscene.presentation.ui.widget.smartpopupwindow.VerticalPosition.ALIGN_TOP, com.hiscene.presentation.ui.widget.smartpopupwindow.VerticalPosition.ALIGN_BOTTOM}" />
    </annotation>
  </item>
  <item name="com.hiscene.presentation.ui.widget.smartpopupwindow.SmartPopupWindow void showAtAnchorView(android.view.View, int, int, int, int) 2">
    <annotation name="androidx.annotation.IntDef">
      <val name="value" val="{com.hiscene.presentation.ui.widget.smartpopupwindow.HorizontalPosition.CENTER, com.hiscene.presentation.ui.widget.smartpopupwindow.HorizontalPosition.LEFT, com.hiscene.presentation.ui.widget.smartpopupwindow.HorizontalPosition.RIGHT, com.hiscene.presentation.ui.widget.smartpopupwindow.HorizontalPosition.ALIGN_LEFT, com.hiscene.presentation.ui.widget.smartpopupwindow.HorizontalPosition.ALIGN_RIGHT}" />
    </annotation>
  </item>
  <item name="com.hiscene.presentation.ui.widget.smartpopupwindow.SmartPopupWindow void showAtAnchorView(android.view.View, int, int, int, int, boolean) 1">
    <annotation name="androidx.annotation.IntDef">
      <val name="value" val="{com.hiscene.presentation.ui.widget.smartpopupwindow.VerticalPosition.CENTER, com.hiscene.presentation.ui.widget.smartpopupwindow.VerticalPosition.ABOVE, com.hiscene.presentation.ui.widget.smartpopupwindow.VerticalPosition.BELOW, com.hiscene.presentation.ui.widget.smartpopupwindow.VerticalPosition.ALIGN_TOP, com.hiscene.presentation.ui.widget.smartpopupwindow.VerticalPosition.ALIGN_BOTTOM}" />
    </annotation>
  </item>
  <item name="com.hiscene.presentation.ui.widget.smartpopupwindow.SmartPopupWindow void showAtAnchorView(android.view.View, int, int, int, int, boolean) 2">
    <annotation name="androidx.annotation.IntDef">
      <val name="value" val="{com.hiscene.presentation.ui.widget.smartpopupwindow.HorizontalPosition.CENTER, com.hiscene.presentation.ui.widget.smartpopupwindow.HorizontalPosition.LEFT, com.hiscene.presentation.ui.widget.smartpopupwindow.HorizontalPosition.RIGHT, com.hiscene.presentation.ui.widget.smartpopupwindow.HorizontalPosition.ALIGN_LEFT, com.hiscene.presentation.ui.widget.smartpopupwindow.HorizontalPosition.ALIGN_RIGHT}" />
    </annotation>
  </item>
  <item name="com.hiscene.presentation.ui.widget.smartpopupwindow.SmartPopupWindow void updateLocation(int, int, android.view.View, int, int, int, int) 3">
    <annotation name="androidx.annotation.IntDef">
      <val name="value" val="{com.hiscene.presentation.ui.widget.smartpopupwindow.VerticalPosition.CENTER, com.hiscene.presentation.ui.widget.smartpopupwindow.VerticalPosition.ABOVE, com.hiscene.presentation.ui.widget.smartpopupwindow.VerticalPosition.BELOW, com.hiscene.presentation.ui.widget.smartpopupwindow.VerticalPosition.ALIGN_TOP, com.hiscene.presentation.ui.widget.smartpopupwindow.VerticalPosition.ALIGN_BOTTOM}" />
    </annotation>
  </item>
  <item name="com.hiscene.presentation.ui.widget.smartpopupwindow.SmartPopupWindow void updateLocation(int, int, android.view.View, int, int, int, int) 4">
    <annotation name="androidx.annotation.IntDef">
      <val name="value" val="{com.hiscene.presentation.ui.widget.smartpopupwindow.HorizontalPosition.CENTER, com.hiscene.presentation.ui.widget.smartpopupwindow.HorizontalPosition.LEFT, com.hiscene.presentation.ui.widget.smartpopupwindow.HorizontalPosition.RIGHT, com.hiscene.presentation.ui.widget.smartpopupwindow.HorizontalPosition.ALIGN_LEFT, com.hiscene.presentation.ui.widget.smartpopupwindow.HorizontalPosition.ALIGN_RIGHT}" />
    </annotation>
  </item>
  <item name="com.hiscene.presentation.ui.widget.smartpopupwindow.VerticalPosition">
    <annotation name="androidx.annotation.IntDef">
      <val name="value" val="{com.hiscene.presentation.ui.widget.smartpopupwindow.VerticalPosition.CENTER, com.hiscene.presentation.ui.widget.smartpopupwindow.VerticalPosition.ABOVE, com.hiscene.presentation.ui.widget.smartpopupwindow.VerticalPosition.BELOW, com.hiscene.presentation.ui.widget.smartpopupwindow.VerticalPosition.ALIGN_TOP, com.hiscene.presentation.ui.widget.smartpopupwindow.VerticalPosition.ALIGN_BOTTOM}" />
    </annotation>
  </item>
</root>

